Elemento,Densidad (kg/m³),Punto de fusión (K),Punto de ebullición (K),Punto de inflamabilidad (K),Entalpía de vaporización (kJ/mol),Entalpía de fusión (kJ/mol),Presión de vapor (Pa a 23 K),Punto crítico (K),Volumen molar (m³/mol),Radio medio (pm),Electronegatividad (Escala de Pauling),Radio atómico (calc) (pm),Radio covalente (pm),Radio de van der Waals (pm),1.ª energía de ionización (kJ/mol),Calor específico (J/(K·kg)),Conductividad térmica (W/(K·m)),Velocidad del sonido (m/s a 293.15 K)
H,0.0899,14.025,20.268,255,0.8985,0.119,209,23.97,22.42e-3,25,2.2,53,37,120,1312,1.4304e4,0.1815,1270
He,0.1786,0.95,4.22,-271.1,0.0845,0.0209,209,5.19,31.82e-3,31,NA,31,32,140,2372,5.193e4,0.1513,972
Li,534,453.65,1615,451,147.1,3,1024,3236,13.10e-3,145,0.98,167,134,182,520.2,3.56e4,84.8,6000
Be,1848,1560,2742,547,297,12.5,1.42e7,5200,5.8e-3,105,1.57,112,90,153,899.5,1.824e3,190,12870
B,2460,2348,4273,573,507.6,50.2,10,4246,4.4e-3,87,2.04,87,82,192,800.6,1.026e3,27,25650
C,2260,3800,4300,973,715.6,105,1.00e7,3915,5.3e-3,70,2.55,67,77,170,1086.5,7.49e2,140,18350
N,1.251,63.15,77.36,409.8,5.56,0.72,1.25e5,126.2,25.2e-3,56,3.04,56,75,155,1402.3,1.0402e3,0.02583,353.75
O,1.429,54.36,90.19,300.65,6.82,0.44,1.54e5,154.7,25.4e-3,48,3.44,48,73,152,1313.9,9.13e2,0.02658,316.5
F,1.696,53.53,85.03,188.12,6.57,0.26,1.67e5,144.4,17.1e-3,42,3.98,42,71,147,1681,8.928e2,0.02797,261.1
Ne,0.9002,24.56,27.07,-248.59,1.76,0.33,2.51e5,44.5,16.70e-3,38,NA,38,69,154,2080.7,1.0301e3,0.0491,435.5
Na,970,370.944,1156.09,370,97.42,2.6,1.16e6,2573,2.30e-3,186,0.93,190,154,227,495.8,1.228e3,141,3200
Mg,1738,923,1363,923,128.8,8.48,1.11e6,3887,13.97e-3,145,1.31,145,127,173,737.7,1.023e3,156,4600
Al,2700,933.437,2792,933,284,10.7,1.1e5,6954,10.0e-3,118,1.61,118,121,184,577.5,897.5,237,5100
Si,2336,1687,3173,1687,50.21,50.5,4.33e3,8.15e3,12.1e-3,111,1.9,111,111,210,786.5,705,149,8430
P,1823,317.25,553.7,317.25,51.9,0.657,6.57e5,44.15,17.8e-3,98,2.19,98,106,180,1011.8,769.7,0.236,1820
S,1960,388.36,717.87,388.36,44.2,1.73,2.05e7,718,16.9e-3,88,2.58,88,102,180,999.6,705.5,0.205,2070
Cl,3.214,171.6,239.11,172.31,20.41,6.406,102.2,417,18.7e-3,79,3.16,79,99,175,1251.2,478,0.0089,206
Ar,1.784,83.81,87.302,-189.35,6.53,1.18,0.688,150.86,22.56e-3,71,0,71,106,188,1520.6,0.52e3,0.01772,323.6
K,862,336.7,1032,336,76.9,2.33,6.72e5,3374,4.39e-3,203,0.82,220,196,275,418.8,757,100,2000
Ca,1540,1115,1757,1115,155.8,8.54,2.09e6,3843,3.36e-3,174,1.00,231,174,231,589.8,0.647,200,3810
Sc,2985,1812,3109,1812,317.3,15.8,2.18e7,4071,15.0e-3,162,1.36,144,144,211,633.1,568,15.8,2750
Ti,4507,1941,3560,1941,425.1,18.7,1.0e8,5920,10.6e-3,147,1.54,132,136,211,658.8,522,21.9,6100
V,6110,2183,3680,2183,453.6,22.8,1.34e8,6500,8.34e-3,134,1.63,122,125,203,650.9,489,30.7,4560
Cr,7190,2180,2944,2180,347,21,2.33e9,2944,7.23e-3,128,1.66,118,127,199,652.9,448,93.9,5940
Mn,7470,1519,2334,1519,220,12,1.82e7,2334,10.6e-3,127,1.55,117,139,197,717.3,479,7.8,5150
Fe,7874,1811,3134,1811,340.2,13.8,1.0e7,3134,7.1e-3,126,1.83,124,125,194,762.5,449,80.4,5130
Co,8900,1768,3200,1768,375.6,16.2,1.0e8,3200,6.7e-3,125,1.88,124,126,192,760.4,421,100,4720
Ni,8908,1728,3186,1728,378.6,17.5,1.0e8,3186,6.6e-3,124,1.91,124,121,163,737.1,445,90.9,4900
Cu,8960,1357.77,2835,1357.77,300.4,13.3,5.16e7,2835,7.09e-3,128,1.90,127,138,186,745.5,385,401,3570
Zn,7140,692.68,1180,692.68,115,7.32,1.17e7,1180,9.16e-3,134,1.65,142,131,210,906.4,388,116,2700
Ga,5904,302.9146,2477,302.9146,256.1,5.59,1.57e6,2673,11.8e-3,135,1.81,136,126,187,578.8,371,40.6,2740
Ge,5323,1211.4,3106,1211.4,330.9,24.44,7.24e6,3106,13.6e-3,122,2.01,125,125,211,762,320,59.9,5400
As,5769,1090,887,1090,32.5,24.4,4.24e6,61.5,12.0e-3,119,2.18,114,114,185,947,328,50.2,3040
Se,4819,494,958,494,26.1,6.94,1.24e7,958,16.5e-3,120,2.55,103,103,190,941,321,0.52,3350
Br,3.122,265.8,332,265.8,15.438,5.286,1.46e4,588,5.43e-3,94,2.96,94,94,185,1139.9,947,0.122,386
Kr,3.749,115.79,119.93,-157.36,9.08,1.64,5.5e5,209.48,24.4e-3,88,0,88,202,202,1350,248,0.00943,355
Rb,1532,312.46,961,312.46,72.2,2.19,2.34e5,1650,5.72e-3,265,0.82,303,211,303,403,363,58.2,1300
Sr,2630,1050,1655,1050,137,7.43,3.17e6,1655,4.54e-3,219,0.95,249,249,249,550.9,301,35.4,3810
Y,4472,1799,3609,1799,363,11.4,3.0e7,6210,19.0e-3,212,1.22,219,219,219,600,298,17.2,3300
Zr,6511,2128,4682,2128,581,21,1.25e8,5610,14.1e-3,186,1.33,186,186,186,640.1,278,22.7,3800
Nb,8570,2742,5017,2742,690.8,26.0,1.0e8,5100,10.8e-3,198,1.6,207,207,207,652.1,265,53.7,5120
Mo,10280,2896,4912,2896,598.7,36,9.4e7,4912,9.4e-3,190,2.16,209,209,209,684.3,251,138,6190
Tc,11500,2430,4538,2430,652.9,33.6,NA,4538,NA,NA,1.9,NA,NA,NA,702,NA,NA,NA
Ru,12370,2607,4423,2607,592.6,38.6,NA,NA,NA,NA,2.2,NA,NA,NA,710.2,NA,NA,NA
Rh,12450,2237,3968,2237,508.3,26.59,NA,3737,12.4e-3,173,2.28,173,173,173,719.7,243,150,4700
Pd,12023,1828.05,3236,1828.05,376.6,16.74,NA,1825,8.9e-3,169,2.20,169,169,163,804.4,240,71.8,3070
Ag,10490,1234.93,2435,1234.93,254.7,11.3,NA,2435,NA,165,1.93,165,165,172,731.0,235,429,2680
Cd,8650,594.22,1040,594.22,100.2,6.21,NA,1040,7.1e-3,161,1.69,158,158,158,867.8,232,96.6,2370
In,7310,429.75,2345,429.75,231.8,3.26,NA,2345,15.7e-3,156,1.78,156,156,193,558.3,233,81.8,1210
Sn,7310,505.08,2875,505.08,295.1,7.03,NA,2875,16.2e-3,141,1.96,141,141,217,708.6,217,66.8,2730
Sb,6697,903.78,1860,903.78,193,19.79,NA,1860,20.5e-3,138,2.05,138,138,206,834,207,24.6,2030
Te,6240,722.66,1261,722.66,195.5,17.49,NA,1261,20.5e-3,135,2.1,135,135,206,869.3,202,2.35,2010
I,4.933,386.85,457.55,386.85,20.9,7.76,NA,819,16.4e-3,133,2.66,133,133,198,1008.4,429,0.449,350
Xe,5.887,161.405,165.051,-111.75,12.64,2.27,NA,289.74,30.6e-3,130,2.6,130,130,211,1170.4,169,0.00569,178
Cs,1879,301.59,944,301.59,65,1.9,NA,1938,71.0e-3,225,0.79,262,298,298,375.7,242,35.9,1160
Ba,3510,1000,2170,1000,140,8.07,NA,2170,39.3e-3,198,0.89,268,253,253,502.9,204,35.2,2700
La,6146,1193,3737,1193,414,6.2,NA,3737,22.5e-3,187,1.1,187,187,187,538.1,195,13.3,2475
Ce,6697,1068,3716,1068,398.6,5.46,NA,3716,21.4e-3,182,1.12,181,181,181,534.4,205,11.3,2100
Pr,6770,1208,3793,1208,331.3,6.89,NA,3793,22.4e-3,182,1.13,182,182,182,527.0,193,12.5,2280
Nd,7010,1297,3347,1297,289.5,7.14,NA,3347,21.8e-3,181,1.14,181,181,181,533.1,190,16.5,2330
Pm,7264,1315,3273,1315,280.5,6.9,NA,3273,21.8e-3,183,1.13,183,183,183,540.0,NA,NA,NA
Sm,7353,1345,2067,1345,238.1,7.03,NA,2067,20.8e-3,180,1.17,180,180,180,544.5,196,13.8,2130
Eu,5244,1095,1800,1095,176,5.24,NA,NA,20.2e-3,198,1.2,198,198,198,547.1,182,13.9,1820
Gd,7901,1585,3546,1585,301.3,10.05,NA,3546,19.9e-3,180,1.2,180,180,180,593.4,240,10.9,2685
Tb,8219,1629,3503,1629,285,10.8,NA,NA,18.3e-3,177,1.2,177,177,177,565.8,182,NA,2580
Dy,8551,1680,2840,1680,269.8,11.1,NA,NA,17.0e-3,178,1.22,178,178,178,573.0,NA,10.6,2560
Ho,8795,1734,2993,1734,257.3,16.84,NA,NA,16.6e-3,176,1.23,176,176,176,581.0,NA,16.2,2570
Er,9066,1802,3141,1802,250,19.9,NA,NA,NA,NA,1.24,NA,NA,NA,589.3,168,14.3,2830
Tm,9320,1818,2223,1818,231,16.8,NA,NA,NA,NA,1.25,NA,NA,NA,596.7,NA,NA,2460
Yb,6570,1097,1469,1097,155,7.66,NA,NA,34.8e-3,177,1.1,NA,NA,NA,603.4,155,34.9,1595
Lu,9841,1925,3675,1925,225,22.6,NA,NA,17.8e-3,173,1.27,173,173,173,523.5,154,16.4,2830
Hf,13310,2506,4876,2506,575,25.5,NA,NA,13.6e-3,159,1.3,159,159,159,658.5,144,23.0,3010
Ta,16650,3290,5731,3290,736,36,NA,NA,10.9e-3,146,1.5,146,146,146,761.0,140,57.5,3040
W,19250,3695,5828,3695,824.2,35.3,NA,NA,13.5e-3,139,2.36,139,139,139,770,133,173,5160
Re,21020,3459,5869,3459,704,33.0,NA,NA,13.2e-3,137,1.9,137,137,137,760,137,48,4700
Os,22590,3306,5285,3306,627.6,31.8,NA,NA,12.7e-3,135,2.2,135,135,135,840.1,130,87.6,3790
Ir,22420,2719,4701,2719,563.6,26.4,NA,NA,12.2e-3,136,2.2,136,136,136,880.1,NR,147,4700
Pt,21550,2041.4,4098,2041.4,469,19.6,NA,NA,12.0e-3,139,2.28,139,139,139,870,133,71.6,3860
Au,19320,1337.58,3129,1337.58,330.9,12.5,NA,3129,14.2e-3,144,2.54,144,144,144,890.1,129,318,3240
Hg,13534,234.43,629.88,234.43,59.11,2.29,NA,629.88,14.0e-3,149,2.00,132,149,238,1007.1,139,8.3,1450
Tl,11850,577,1746,577,165,4.231,NA,1746,17.2e-3,148,1.62,148,148,196,589.4,129,46.1,818
Pb,11340,600.61,2022,600.61,177.7,4.77,NA,2022,NA,147,1.87,147,147,202,715.6,129,35.3,1270
Bi,9800,544.7,1837,544.7,179.5,10.8,NA,1837,NA,NA,1.9,NA,NA,NA,703,121,7.97,1210
Po,NA,527,1235,527,183.3,13.81,NA,NA,NA,NA,2,NA,NA,NA,812.1,NA,NA,NA
At,NA,575,610,575,50,NA,NA,610,NA,NA,2.2,NA,NA,NA,919.5,NA,NA,NA
Rn,NA,202,211.3,-71,16.4,3.247,NA,211.3,NA,NA,0,NA,NA,NA,1037,NA,NA,NA
Fr,NA,300,950,300,65,NA,NA,950,NA,NA,0.7,NA,NA,NA,NA,NA,NA,NA
Ra,NA,973,2010,973,68.2,NA,NA,2010,NA,NA,0.9,NA,NA,NA,509.3,NA,NA,NA
Ac,10070,1323,3573,1323,330,NA,NA,NA,NA,NA,1.1,NA,NA,NA,499,NA,NA,NA
Th,11724,2115,5061,2115,514,53.2,NA,NA,16.6e-3,179,1.3,179,179,179,587,113,54,2490
Pa,15370,1841,4300,1841,481,NA,NA,NA,NA,NA,1.5,NA,NA,NA,568,NA,NA,NA
U,19050,1405.3,4404,1405.3,417.1,19.6,NA,4404,11.7e-3,156,1.38,156,156,156,598.5,116,27.6,3150
Np,20450,913,4175,913,336,NA,NA,NA,NA,NA,1.3,NA,NA,NA,NA,NA,NA,NA
Pu,19816,912.5,3501,912.5,325,NA,NA,NA,NA,NA,1.3,NA,NA,NA,NA,NA,NA,NA
Am,NA,1449,2284,1449,292,NA,NA,NA,NA,NA,1.3,NA,NA,NA,NA,NA,NA,NA
Cm,13510,1613,3383,1613,580,NA,NA,NA,NA,NA,1.3,NA,NA,NA,NA,NA,NA,NA
Bk,NA,1259,2900,1259,350,NA,NA,NA,NA,NA,1.3,NA,NA,NA,NA,NA,NA,NA
Cf,NA,1173,1743,1173,NA,NA,NA,NA,NA,NA,1.3,NA,NA,NA,NA,NA,NA,NA
Es,NA,1133,NA,NA,NA,NA,NA,NA,NA,NA,1.3,NA,NA,NA,NA,NA,NA,NA
Fm,NA,1125,NA,NA,NA,NA,NA,NA,NA,NA,1.3,NA,NA,NA,NA,NA,NA,NA
Md,NA,1100,NA,NA,NA,NA,NA,NA,NA,NA,1.3,NA,NA,NA,NA,NA,NA,NA
No,NA,1100,NA,NA,NA,NA,NA,NA,NA,NA,1.3,NA,NA,NA,NA,NA,NA,NA
Lr,NA,1900,NA,NA,NA,NA,NA,NA,NA,NA,1.3,NA,NA,NA,NA,NA,NA,NA
